,Subject,EL,ML
0,AE01,447.2923304385881,329.9266936897646
