,Subject,EL,ML
0,AE01,363.45982999069486,357.82534387272153
